model_name,test_rmse,test_r2,train_rmse,train_r2,cv_rmse
Random Forest,119.15518860363123,0.9981128454363829,51.39592908268985,0.9996407437953008,149.89674942098497
Gradient Boosting,463.74425422849487,0.9714149709212777,461.98683539348514,0.970972740489471,478.1549087049225
Linear Regression,1049.567541860025,0.853579347474857,1064.74065785118,0.8458177029590479,1066.4058671285613
Ridge Regression,1049.565317860517,0.8535799679954069,1064.740666218627,0.8458177005357119,1066.405399605795
